carbon_stock,delta_13C,AF,conc_stock_mgL,conc_sample_mgL
leachate,Inf,1,9.232936736160429,0.0923293673616043
glucose,-10.069000603344813,0.011001669476188494,300,1
flathead_lake,-18.001,0.010914478771848552,1.48,1.48
